cross-border AND statistical analysiscommon market law review,https://mpra.ub.uni-muenchen.de/64221/,Institutional Dichotomy and Cross-Border Inbound Acquisitions: A Study of Three Cases,"… we admit the jeopardy that the investigation and discussions of the case might be inclined by
untrue memories or falsification of data extracted from … Review of Economics and Statistics,
90(2), 347–368 … The value of investor protection: firm evidence from cross-border mergers … 
"
cross-border AND statistical analysiscommon market law review,https://link.springer.com/chapter/10.1057/9781137032195_13,The ECJ as agenda setter in European audiovisual media policy,"… of broadcasts origi- nating in other member states on general interest grounds under the Debauve
doctrine, the prospects for the creation of a European common market for cross-border television
broadcasting … the task laid down by the Treaty as far as the law on broadcast … 
"
cross-border AND statistical analysiscommon market law review,https://islandstudies.ca/sites/default/files/ISJCamonitaMaltaSicilyArchipelagoCrossBorder.pdf,Envisioning the Sicilian-Maltese archipelago: a Braudelian inspired triple-level analysis of a European cross-border region.,"… Finally, at the regional level, the identification of modern cross-border flows between the two
islands … To the best of our knowledge, only limited statistical attempts have been made by … Even
then, the data available mainly consisted of territorial statistics regarding the cross-border … 
"
cross-border AND statistical analysiscommon market law review,https://www.cambridge.org/core/journals/journal-of-public-policy/article/governance-of-competition-the-interplay-of-technology-economics-and-politics-in-european-union-electricity-and-telecom-regimes/9F5FDB82763B4783CED41B99B9875089,"The Governance of Competition: the interplay of technology, economics, and politics in European Union electricity and telecom regimes","… However, in contrast to the usual two-level analysis common in EU policy studies, this … for shaping
contracts and policing their implementation) than markets for audio, video, or data … transnational
ownership of generation as well as by high degrees of cross-border gen- eration … 
"
cross-border AND statistical analysiscommon market law review,https://link.springer.com/article/10.1057/jibs.2010.7,"Exchange hazards, relational reliability, and contracts in China: The contingent role of legal enforceability","… Common method bias is a concern if a single factor emerges from the factor analysis, or factor
1 accounts for … for all multiple-item scales to determine whether the restricted model (correlation
fixed at 1.0) fits the data significantly worse … Basic descriptive statistics of the constructs … 
"
cross-border AND statistical analysiscommon market law review,https://orsociety.tandfonline.com/doi/abs/10.1057/ejis.2012.40,Inter-firm IT governance in power-imbalanced buyer–supplier dyads: exploring how it works and why it lasts,"… firm IT systems primarily focus on how inter-firm IT systems and data sharing benefit … characteristics
of transactions (asset specificity and frequency), and extent of market uncertainty … in the exchange
(Heide, 1994 HeideJBInterorganizational governance in marketing channelsThe … 
"
cross-border AND statistical analysiscommon market law review,https://www.cambridge.org/core/journals/cambridge-law-journal/article/trajectory-of-corporate-law-scholarship/58DDDDDC7AFAAC05E57A1A01DB4166B4,The trajectory of (corporate law) scholarship,"… more empirical legal scholarship, the production of research which uses statistical data to test …
of the legal system, so even legal scholarship that is explicitly cross-border in orientation … a
beneficial competition among alternatives occurs in a legal scholarship market, thus yielding … 
"
cross-border AND statistical analysiscommon market law review,https://www.emeraldinsight.com/doi/abs/10.1108/IMR-04-2013-0079,The role of psychic distance in international trade: a longitudinal analysis,"… The assumptions underlying the following statistical analyses are graphically depicted in Figure
1. It … Unfortunately, reliable and comparable data on FDI flows are only available for some of the …
Moreover, FDI statistics provide no indication as to the factors motivating individual … 
"
cross-border AND statistical analysiscommon market law review,https://www.emeraldinsight.com/doi/abs/10.1108/13590791111098799,Economic crime and illegal markets integration: a platform for analysis,"… According to their analysis, common means and patterns may be used for weapons commerce,
high‐value goods as well as drug … guidelines sketched in the present paper be acknowledged,
it is possible that the combination of “market” analysis and … Figure 1 Markets interaction … 
"
cross-border AND statistical analysiscommon market law review,http://www.acarindex.com/dosyalar/makale/acarindex-1423911185.pdf,The international competition network: cooperation and convergence in competition laws,"… Source: Data collected by the author from various sources, including INTERNATIONAL BAR …
Foreign Direct Investment (FDI) flows, and by 1999 cross border mergers amounted … directed toward
greater convergence of competition law and analysis, common understanding and … 
"
cross-border AND statistical analysiscommon market law review,https://books.google.com/books?hl=nl&lr=&id=9H6pAgAAQBAJ&oi=fnd&pg=PR1&dq=cross-border+AND+statistical+analysiscommon+market+law+review&ots=U_ABI-_da-&sig=MZXjG5asrle2xOj6HcXwR87AzKM,The Routledge handbook of language and intercultural communication,"… the British Library Library of Congress Cataloging in Publication Data The Routledge … Constance
(Peter Lang, 2007) and several articles on cross-border cultural events at … Cross-Cultural Speech
Act Realization Project Critical discourse analysis Common European Framework … 
"
cross-border AND statistical analysiscommon market law review,https://www.spiedigitallibrary.org/conference-proceedings-of-spie/7434/74340G/Extracting-ballistic-forensic-intelligence--microstamped-firearms-deliver-data-for/10.1117/12.828465.short,"Extracting ballistic forensic intelligence: microstamped firearms deliver data for illegal firearm traffic mapping: technology, implementation, and applications","… it makes sense to develop trace capability at DHS to tackle interstate and cross border firearm
trafficking … Four rounds are chosen for statistical analysis because, as stated earlier, “cycle of fire”
techniques … If nothing else, the data recorded here for the Colt Arms 1911, .45 caliber … 
"
cross-border AND statistical analysiscommon market law review,https://web.natur.cuni.cz/~ksgrrsek/acta/2002/AUC_2002_37_Drbohlav_Current_population_migration.pdf,Current population migration and mobility in the Czech Republic—reflections on some conceptual frameworks,"… Common social and economic roots … The creation of a “cross—border labour market” and its
functioning is typical of many activities eg- trading with foreign fn'ms (eg German ones), working
for a foreign firm or … Statistical data on pendlers is very imprecise in the Czech Republic … 
"
cross-border AND statistical analysiscommon market law review,https://mpra.ub.uni-muenchen.de/id/eprint/58875,Financial Harmonization and Industrial Growth: Evidence from Europe,"… safer and cheaper integrated financial market that reduces charges on cross-border payments,
removes … industry, and time specific effects, whereas for the dynamic panel data model we … Although
the negative impact is only statistically significant for banking integration directives … 
"
cross-border AND statistical analysiscommon market law review,http://kluwerlawonline.com/abstract.php?area=Journals&id=WOCO2003015,International Competition Network The State of Play after Naples,"… a view to achieving greater convergence of competition law and analysis, common understanding,
and … 15 When dealing with cross-border transactions or international anticompetitive practices,
unilateral scrutiny … is essentially founded on direct access to the internal data of the … 
"
cross-border AND statistical analysiscommon market law review,http://www.kluwerlawonline.com/abstract.php?area=Journals&id=359611,International antitrust co-operation agreements,"… TRENDS CONTRIBUTING TO CROSS-BORDER ENFORCEMENT … In addition, company officials
spent a great deal of time compiling requested data and responding … These limits have encouraged
discussion of alternative ways of addressing market access problems, leading to … 
"
cross-border AND statistical analysiscommon market law review,http://journal.acs.org.au/index.php/ajis/article/view/1052,Modelling the intention to adopt cloud computing services: a transaction cost theory perspective,"… For example, it is not clear who would be liable when data is lost or compromised, especially
when cross-border jurisdiction are … Statistical strategies for small sample research, 1(1), 307-341 …
Power and trust: Critical factors in the adoption and use of electronic data interchange … 
"
cross-border AND statistical analysiscommon market law review,https://link.springer.com/chapter/10.1007/978-3-319-66137-7_9,Reverse Discrimination in EU Law: An Internal Market Perspective,"… The enactment of new legislation prevented Smanor from marketing such products under the
name … the difficulties in addressing domestic issues was to simplify the required cross-border
element … underwent a radical change in both the goods and the services market, though at … 
"
cross-border AND statistical analysiscommon market law review,https://www.emeraldinsight.com/doi/abs/10.1108/MBR-04-2016-0014,The dual effects of home country institutions on the internationalization of private firms in emerging markets: evidence from China,"… so because they do not have the necessary information, personnel and marketing resources
to … graduate research assistants were recruited and trained to help with the data collection … years
in relation to exploring opportunities abroad; entering a foreign market; and expanding … 
"
cross-border AND statistical analysiscommon market law review,https://link.springer.com/chapter/10.1007/978-3-030-17152-0_8,Internet Governance and Human Rights: A Literature Review,"… It provides a granular understanding of how the levels of analysis common in international
relations … relevant questions are also around digital convergence (Mueller 2010 p. 9), market
monopolies, network effects (Nielsen and Ganter 2017) and the data-driven economy … 
"
cross-border AND statistical analysiscommon market law review,https://link.springer.com/chapter/10.1007/978-3-319-04591-7_8,Access to healthcare in the Post-Lisbon Era and the genuine enjoyment of EU citizens' rights,"… would be equated to any other service and be subjected to the logics governing the internal market
and competition … content of the Directive and partially explain why—save for Article 8 of the Charter,
on data protection—fundamental … [t]he costs of cross-border healthcare shall … 
"
cross-border AND statistical analysiscommon market law review,https://www.sciencedirect.com/science/article/pii/S1572308913000764,A positive analysis of deposit insurance provision: Regulatory competition among European Union countries,"… Volume 9, Issue 4, December 2013, Pages 530-544. Journal of Financial Stability … He also finds
a negative correlation of bank stock returns around the announcement moments and interprets
this as suggesting “blleft … cross-border competition effects, with banks receiving … 
"
cross-border AND statistical analysiscommon market law review,https://books.google.com/books?hl=nl&lr=&id=LmO2AgAAQBAJ&oi=fnd&pg=PA361&dq=cross-border+AND+statistical+analysiscommon+market+law+review&ots=fIFCEOGQPz&sig=51S5Ansj7aR-vER4Jry_tgQCCXs,Immigration Without Incorporation: EU Migration Policy in a Post-Citizenship Europe?',"… be understood as contingent on the deregulation of the EU economies and labour markets that
followed … Instead, what the EU seems out to accomplish is to rig the migration market to its … of
Brussels'“Key messages” to the UN HLD has it: “All states should review existing barriers … 
"
cross-border AND statistical analysiscommon market law review,https://academic.oup.com/jeclap/article-abstract/1/3/202/1806350,EU Competition Policy after Lisbon: Time to Review the 'State Action Doctrine'?,"… in concrete cases, such as attempts by Member States to interfere with cross-border acquisitions
of … being subjected to an assessment based on the EU internal market rules, namely … That
assessment would be carried out according to the sequence of analysis common to those … 
"
cross-border AND statistical analysiscommon market law review,https://books.google.com/books?hl=nl&lr=&id=ufURDgAAQBAJ&oi=fnd&pg=PR15&dq=cross-border+AND+statistical+analysiscommon+market+law+review&ots=99SQyTWZ-T&sig=xdonGFkvXIvsHugGS0fqINSCecw,"Trademark and unfair competition conflicts: Historical-comparative, doctrinal, and economic perspectives","… Library of Congress Cataloging-in-Publication Data Names: Dornis, Tim W., author … Rights E Tea
Rose/Rectanus “Transnationalized”: The Common Law Cross-Border Crusade F The … Testing:
An Idea of Transnational Market Regulation II Analysis: Common Law Tradition Meets … 
"
cross-border AND statistical analysiscommon market law review,http://ucsd.unwe.bg/publications/CSD/Rumen.Gechev.Konferencia.26.10.2010_final.pdf#page=14,An Analysis of Impact of Foreign Direct Investments in Latvia,"… Cross-border mergers and acquisitions merely represent a transfer of existing assets from
domestic capital … Further, estimated data fitted to actual data quite well (Figure 1). -3 -2 -1 0 … E. and
Vanags, I., ed.,'The Results of Statistical Scientific Research', Central Statistical Bureau of … 
"
cross-border AND statistical analysiscommon market law review,https://heinonline.org/hol-cgi-bin/get_pdf.cgi?handle=hein.journals/intlyr43&section=19,The Development of International Networks in Antitrust,"… two requires a practiced eye informed by meticulous gathering of data and economic … create
ongoing obstacles to cross-border deals and concerns about cross-border effects of … broader
communities to produce more convergence of law and analysis, common under- standings … 
"
cross-border AND statistical analysiscommon market law review,http://aei.pitt.edu/id/eprint/97355,The Refugee Crisis and the EU's Externalisation of Integrated Border Management to Libya and Turkey. EU Diplomacy Paper 06/2018,"… included improved coordination and cooperation, integrated risk analysis, common burden sharing
laws and basic standards … A coherent approach was needed to tackle irregular immigration and
cross-border crime, especially in light of the 'big bang' … biometric data from minors … 
"
cross-border AND statistical analysiscommon market law review,https://books.google.com/books?hl=nl&lr=&id=gb0hAAAAQBAJ&oi=fnd&pg=PA1&dq=cross-border+AND+statistical+analysiscommon+market+law+review&ots=PqJ0mAJ_mc&sig=tZU-ZZlROJLBP0n8iJNEEMwUDqU,Harmonization of International Competition Laws: Pros and Cons,"… Detailed bibliographic data can be found at: http://dnb.d-nb.de The digital publication (eBook)
of this … Ability of unregulated marketplace to serve public welfare was questioned … unlawful since
it was to be considered as a reasonable response to protect the market from destructive … 
"
cross-border AND statistical analysiscommon market law review,https://www.emeraldinsight.com/doi/abs/10.1108/02621710210417402,Organisational learning in international joint ventures: Implications for management development,"… Combining methods of analysis common to semiology (Fiske and Hartley, 1978) and structural …
In addition, the interpretation of data was ameliorated by the subjective knowledge … resources
where the other partner contributed knowledge about marketing, technology, intellectual … 
"
SE directive changing Eu tax dynamics,https://www.sciencedirect.com/science/article/pii/S0140988308001175,Price dynamics in European petroleum markets,"… while an Expert Group on the UN Framework Convention on Climate Change (1997) claimed …
crude oil) prices via short-run changes (ie impact of lagged changes — Reilly and … LU), Latvia
(LV), Malta (MT), Netherlands (NL), Poland (PL), Portugal (PT), Sweden (SE), Slovenia (SI … 
"
SE directive changing Eu tax dynamics,https://books.google.com/books?hl=nl&lr=&id=gf6U62PqoYcC&oi=fnd&pg=PP1&dq=SE+directive+changing+Eu+tax+dynamics&ots=l7vgu7vssA&sig=l7zn_Qfr-5HqrcEO8rVDZAnNhLQ,"Citizenship in Nordic welfare states: Dynamics of choice, duties and participation in a changing Europe","… openness between the national welfare state and its international environment changes the
meanings of … Rather we must view this change as the outcome of mutually rein- forcing … increase
the effectiveness of existing public services, in combination with changing labour market … 
"
SE directive changing Eu tax dynamics,https://onlinelibrary.wiley.com/doi/abs/10.1111/j.1468-0386.2005.00288.x,Does the European company prevent the 'Delaware effect'?,"… Although the German government agreed on further extension of the directives after the European
lawmakers announced further exemptions available to SMEs, it … 76 Section II of the Directive … SM
Bartman, 'Fransen winnen slag om SE', Financieele Dagblad, 21 October 2004 … 
"
SE directive changing Eu tax dynamics,https://onlinelibrary.wiley.com/doi/abs/10.1111/j.0963-8008.2006.00114.x,European banking integration: Don't put the cart before the horse,"… have relied mostly on subsidiary structures to go cross‐border, this is changing with the …
standards,15 a directive on European Company Statute,16 and a directive on the … Level‐3 works
on uniform implementation of directives and exchange of information among supervisors … 
"
SE directive changing Eu tax dynamics,https://www.tandfonline.com/doi/abs/10.1080/1350176042000311916,Rapporteurs as legislative entrepreneurs: the dynamics of the codecision procedure in Europe's parliament,"… 'Self- exclusion' is not an indication of anti-system or Eurosceptic sentiment per se … Council's budget
reduction to 760 million ECU and amended the Council's changes on comitology to Parliament's
advantage.21 Since rejecting the Voice Telephony Directive in July … 
"
SE directive changing Eu tax dynamics,https://books.google.com/books?hl=nl&lr=&id=LQVEA3i7yVIC&oi=fnd&pg=PA30&dq=SE+directive+changing+Eu+tax+dynamics&ots=v8sYO7PZHp&sig=69qGv9IsoYDkSJk-J3-vWq1iYS4,The dynamics of labour market reform in European countries,"… measures and incentives—or the structural inability to adjust rules according to changing
environments … This is due to their adoption of a common EU directive on collective dismissals
in … of unemployment benefits do not stem from the existence of unemployment benefits per se … 
"
SE directive changing Eu tax dynamics,http://csep.efchina.org/report/2006102695218528.4263288889246.pdf/3._Doerte_Fouquet_Thomas_Johansson_European_Energy_Tax_Models.pdf,Energy and environmental tax models from Europe and their link to other instruments for sustainability: policy evaluation and dynamics of regional integration,"… The cap level may change as objectives for emissions reductions change … 22 http://www.sweden.
gov.se/sb/d/5400/a/43594 … That rate slightly exceeds the minimum levels set out in Council Directive
2003/96/EC of 27 October 2003 restructuring the Community Framework for the … 
"
SE directive changing Eu tax dynamics,https://books.google.com/books?hl=nl&lr=&id=DX6cAQAAQBAJ&oi=fnd&pg=PP2&dq=SE+directive+changing+Eu+tax+dynamics&ots=_gPkmrkHKV&sig=n56Ob1se5gWwcuhYYZJhnkMX-9s,European Union Law,"… the EU 164 Direct effect of regulations 166 Direct effect of directives 166 Horizontal and … The focus
on market access and the facilitation of services Services Directive FURTHER READING … principle
Introduction Article 157 TFEU and Treaty changes relevant to sex equality Does … 
"
SE directive changing Eu tax dynamics,https://www.tandfonline.com/doi/abs/10.1080/1523908X.2012.719694,"Waste dynamics, country heterogeneity and European environmental policy effectiveness","… towards waste management and waste disposal targets, rather than towards waste prevention
per se … and technological contents, has prevailed at least in terms of influence on EU Directives …
on waste generation, under the umbrella of the Waste Framework Directive and EU … 
"
SE directive changing Eu tax dynamics,https://books.google.com/books?hl=nl&lr=&id=lSzuCgAAQBAJ&oi=fnd&pg=PA133&dq=SE+directive+changing+Eu+tax+dynamics&ots=BsC0KTIAd4&sig=xWYiWY3L_vAJKDRB_lCldcBHdTE,The dynamics of worker participation in SEs in Luxembourg: towards reinforced rights?,"… of the dualistic corporate governance system The lengthy transposition process of both directives
was triggered by … Feyereisen, M.(2006) Transposition into Luxembourg law of Directive 2001/86/
EC, Brussels … Sword Group SE (2012) Avis de projet de transfert de siège social, http … 
"
SE directive changing Eu tax dynamics,https://books.google.com/books?hl=nl&lr=&id=1e3lmRPG0bUC&oi=fnd&pg=PA131&dq=SE+directive+changing+Eu+tax+dynamics&ots=vlX7fx6Coq&sig=C1SeYeNlwlolAc2L-TrAjsmiZ3A,The dynamics of change in large accounting firms,"… It is recognition of the changing nature of the accounting firm, particularly the larger ones, and
legitimating those changes … In this new interpretive scheme there is much less concern with
governance or professionalism per se … Decision-making becomes somewhat more directive … 
"
SE directive changing Eu tax dynamics,https://link.springer.com/chapter/10.1007/978-94-015-8368-8_5,The institutional dynamics of European integration: from the Single Act to the Maastricht Treaty,"… acquis communautaire"" seemed threatened when the application of some parts of the directives
adopted at … Member States to move, in the wake of the adoption of the directive on the … substantive
programme - the Single Market - rather than on institutional reform per se, and the … 
"
SE directive changing Eu tax dynamics,https://link.springer.com/article/10.1007/s10797-005-2915-0,Has tax competition emerged in OECD countries? Evidence from panel data,"… Most of this literature finds that governments respond to tax changes of their neighbors, which
gives … The latter approach requires data on exchange rate expectations, which are not available
for our … that the change in the revenue component is dominated by the tax base change … 
"
SE directive changing Eu tax dynamics,https://www.sciencedirect.com/science/article/pii/S0965856416307650,Fuel consumption dynamics in Europe: Tax reform implications for air pollution and carbon emissions,"… of the stock, is fixed in the short term, consumers can only react by changing how they … showing
that changes in fuel taxation result in greater demand responses than changes in total … Given our
particular interest in the effect of a tax change, we deliberately also apply European … 
"
SE directive changing Eu tax dynamics,https://www.sciencedirect.com/science/article/pii/S1573521412000395,Designing the emerging EU pesticide policy: A literature review,"… The directives 91/414/EC and 98/8/EC on the placing of plant protection products and biocidal …
2009/128/EC on the sustainable use of pesticides are due to replace directive 91/414/EC …
implications not only for the time of introduction and the intensity of regulation per se but also … 
"
SE directive changing Eu tax dynamics,https://www.sciencedirect.com/science/article/pii/S0921344914000901,System dynamics model for analyzing effects of eco-design policy on packaging waste management system,"… PW) by Directive 2004/12/EC of the European Parliament and of the Council amending Directive
94/62 … is carried out by changing parameter values individually or in combinations or by changing
the model … Their effectiveness is compared to the targets set in the EU directives … 
"
SE directive changing Eu tax dynamics,https://papers.ssrn.com/sol3/papers.cfm?abstract_id=2149634,Integration among unequals: How the heterogeneity of European varieties of capitalism shapes the social and democratic potential of the EU,"… These changes have also affected the social and democratic potential of the EU … European law
or may formally over- ride ECJ decisions by changing EU Directives or primary … Coordinated
noncompliance, however, would se- verely damage the functioning of the European legal … 
"
SE directive changing Eu tax dynamics,https://books.google.com/books?hl=nl&lr=&id=HqNn9ilVqrcC&oi=fnd&pg=PR9&dq=SE+directive+changing+Eu+tax+dynamics&ots=vAapMMTWMM&sig=NkayQiWLy-SqdeVSJ1v5N-NwFrI,European integration after Amsterdam: institutional dynamics and prospects for democracy,"… Part I addresses the issue of changing institutions (see the chapters by Falkner and … of interest
groups (Lequesne and Ciavarini Azzi), and to addressing institutional change as embedded …
procedure established by the process of the imple- mentation of directives (Ciavarini Azzi) … 
"
SE directive changing Eu tax dynamics,https://onlinelibrary.wiley.com/doi/abs/10.1111/0952-1895.281996028,The dynamics of inertia: institutional persistence and change in telecommunications and health care,"… Inertia does not restrain institutional change per se … Na- tional regulations were supplanted by
international rules, such as, for example, EU directives … regulatory changes of the 1970s and 1980s
put pressure on the CCITT; the pressure was diverted not by changing the CCITT's … 
"
SE directive changing Eu tax dynamics,https://www.taylorfrancis.com/books/9781315767147,The dynamics of managing diversity: A critical approach,"… Thinking about collective differences, it is quite clear that the changing demographic composition
of the … to the early 1980s and influenced by the introduction of the Sex Discrimination Act … But the
name change – from equal opportunities to diversity management – reflects a more … 
"
SE directive changing Eu tax dynamics,https://journals.sagepub.com/doi/abs/10.1177/1070496516681043,Social Dynamics of Renewable Energy—How the European Union's Renewable Energy Directive Triggers Land Pressure in Tanzania,"… Copy to clipboard. Share URL copied to clipboard. Request Permissions. View permissions
information for this article. View. Explore More. Social Dynamics of Renewable Energy—How
the European Union's Renewable Energy Directive Triggers Land Pressure in Tanzania … 
"
SE directive changing Eu tax dynamics,https://www.tandfonline.com/doi/abs/10.1080/13501763.2014.941380,"The power politics of international tax co-operation: Luxembourg, Austria and the automatic exchange of information","… Second, it shows that changes in the EU's strategic environment rather than in the preferences …
change in preferences motivated by domestic factors can thus not explain their change of tack …
member states because in article 19 of the Administrative Co-operation Directive there is … 
"
SE directive changing Eu tax dynamics,http://search.ebscohost.com/login.aspx?direct=true&profile=ehost&scope=site&authtype=crawler&jrnl=18993192&AN=126942303&h=EDbNCWQ84FNdNd10UgVnpIlnF9ERXIe8FfR0zKCd%2FoeFORC0TEjzZMHC054KBiYDh0mfZZvU8v%2BMcX77DDqbiA%3D%3D&crl=c,THE RECENT DYNAMICS OF THE DISINTEGRATED REAL ESTATE TRANSFER TAX IN THE EU.,"… on the common system of taxation applicable to mergers, divisions, etc., and the Council Directive
[2011/96 … that the EU can go only as far as it went with the abovementioned quartet of Directives …
the basis on which this percentage is to be assessed is an issue per se and there … 
"
SE directive changing Eu tax dynamics,https://www.sciencedirect.com/science/article/pii/S0921344909001335,"The dynamics of landfill diversion: economic drivers, policy factors and spatial issues: evidence from Italy using provincial panel data","… tariffs are aimed at representing a sort of 'environmental economic instrument' that both change
relative prices … provided that the country is one of the main nations in the EU, shows a … on information
on the evaluation of current policies, like the 1999 Landfill Directive, which as … 
"
SE directive changing Eu tax dynamics,https://link.springer.com/content/pdf/10.1007/978-3-540-70711-0.pdf,National tax policy in Europe,"… oxelheim@ ifn. se Page 5 … 9.5 The Interest and Royalties Directive..... 9.6 Hybrid Finance in the
Directives..... 9.7 Concluding Remarks on Hybrid Finance and National Tax Policy … 
"
SE directive changing Eu tax dynamics,https://www.tandfonline.com/doi/abs/10.1080/03085147.2011.607364,The government of self-regulation: On the comparative dynamics of corporate social responsibility,"… Also, a 2005 European Directive included, under restrictive circumstances, non-compliance … The
pressures for change in CSR at an organizational level have been further complemented by the
structural and … Table 2 The changing social responsibility doctrine in Western Europe … 
"
SE directive changing Eu tax dynamics,https://books.google.com/books?hl=nl&lr=&id=GodCsRmu0EgC&oi=fnd&pg=PA171&dq=SE+directive+changing+Eu+tax+dynamics&ots=ZRHa1h56a8&sig=GJXnXLN6LELZkaGwJ22iwKTDrqo,Corporate tax competition and coordination in the European Union: What do we know? Where do we stand?,"… and after consulting the European Parliament and the Economic and Social Committee, issue
directives for the … 10 AT MT SE EE ES FR UK NL− 10 0 1 0 0 SE GR HUDK … Company Statute was
integrated into the 1990 Parent–Subsidiary Directive and the 1990 Merger Directive … 
"
SE directive changing Eu tax dynamics,https://www.mitpressjournals.org/doi/abs/10.1162/glep.2007.7.4.19,Multi-level reinforcement: explaining European Union leadership in climate change mitigation,"… In 2004, a Linking Directive (2004/101/EC) was passed linking the joint implementation and … Finally,
it has exhibited directional leadership, changing the perceptions of oth- ers on climate … Possibly
because of this, they were quicker to take on climate change campaigns that … 
"
SE directive changing Eu tax dynamics,https://heinonline.org/hol-cgi-bin/get_pdf.cgi?handle=hein.journals/cwrlrv63&section=49,Climate change and natural gas dynamic governance,"… tax policy is significantly shaped by the 2003 EU Energy Taxation Directive (2003/96 … deepwater
hydrate characterization, the response of methane hydrate systems to changing climates, and …
RESERVE LAW REVIEW - VOLUME 63 - ISSUE 4 - 2013 Climate Change and Natural … 
"
